fac_unique_id,facility_name,loc_name,district,address1,pincode,facility_ownership,facility_operational_status,crt_dt
584,Aushadhalay Delhi sarkar,DELHI,80,Old Seema Puri Delhi,110095,G,NULL,26-11-2021 20:11
164,NULL,NULL,NULL,NULL,NULL,NULL,NULL,11-08-2020 00:00
120,Raman Medical Store,CHANDIGARH,44,Sector 9 Ward 1 CHD,160009,P,F,09-08-2020 00:00
649,Mi Rom 54Th Bn Itbp Bhalukpong,ARUNACHAL PRADESH,242,11,201301,G,F,21-12-2021 15:59
607,Sub Center mohani,BIHAR,188,Mohni raniganj araria,854344,G,NULL,30-11-2021 18:27
402,Test name 123,PUDUCHERRY,599,address line 1,585975,P,F,25-01-2021 18:13
542,test hospital 23,PUDUCHERRY,600,11,202133,P,F,22-10-2021 11:09
180,PANDEY CLINIC,CHANDIGARH,44,Vill.raipur kalan,160102,P,NULL,12-08-2020 12:53
166,MEDIPRAS,NULL,,,,NULL,,11-08-2020 00:00
732,NULL,NULL,NULL,NULL,NULL,P,NULL,31-01-2022 17:09
715,CHC SHADORA,MADHYA PRADESH,391,CHC SHADORA,473330,G,F,21-01-2022 11:19
380,Rohit Pawar Clinic,CHANDIGARH,44,Rohit Road,160022,P,F,20-11-2020 18:21
691,Test Madhubani,BIHAR,206,123110061,110061,G,F,12-01-2022 19:41
270,Divya tenh1,PUDUCHERRY,599,"EGA BASTHI, NEAR GHMC",500008,P,F,25-08-2020 12:24
403,Pkp hospital,PUDUCHERRY,599,Muthupillaipalayam. Villiyanur,605110,P,CL,29-01-2021 16:18
416,Test hospital 6 april,PUDUCHERRY,599,line 2,825468,P,F,05-04-2021 17:31
247,DIVYA PPP hosp,PUDUCHERRY,599,test,500000,PP,F,19-08-2020 19:46
460,TEST HOSPITAL 2,PUDUCHERRY,598,11,120998,P,F,19-08-2021 11:35
527,PRIMUS SUPER SPECIALITY HOSPITAL Test,DELHI,79,Chanakyapuri,110021,P,F,04-10-2021 12:29
608,"Sub Center, Meenakshi Ram Nagar",ANDAMAN AND NICOBAR ISLANDS,603,Meenakshi Ram Nagar,744304,G,NULL,01-12-2021 10:44
439,HAPPY FAMILY HOSPITAL,CHANDIGARH,44,Ward no25 old ropar road chd,160101,P,NULL,20-07-2021 10:44
195,,NULL,,,,NULL,,14-08-2020 13:24
786,vbn,CHHATTISGARH,646,gdfdh,345345,G,,23-02-2022 11:20
788,Govt.General Hospital,PUDUCHERRY,600,kamaralar salai   karaikak,609602,G,NULL,28-02-2022 12:27
629,"Sub Centre, Kathirkamam",PUDUCHERRY,600,Kathirkamam puducherry,605009,G,NULL,08-12-2021 13:24
631,Primary health centre,PUDUCHERRY,600,Madukarai,605105,NULL,NULL,15-12-2021 13:05
712,Test1,DELHI,79,fghj,110061,P,F,19-01-2022 11:46
387,Amandeep Hospital,CHANDIGARH,44,Lawrence Road,143001,PP,F,03-12-2020 18:50
563,"DR BABASAHEB AMBEDKAR MEMORIAL HOSPITAL, CENTRAL RAILWAY",PUDUCHERRY,600,delhi,122001,G,F,22-11-2021 22:17
773,Aravind eye hospital city centre,PUDUCHERRY,600,144 bussy street puducherry,605001,P,F,17-02-2022 10:32
506,Rani hospital,PUDUCHERRY,600,Kathirkamam,605009,P,F,16-09-2021 11:25
628,Railway Hospital 7 Dec,PUDUCHERRY,600,puddu,221313,G,F,08-12-2021 11:48
232,Hosp,PUDUCHERRY,599,Test,500008,P,TC,18-08-2020 18:15
116,Sri Venkateshwara Medical & General Stores,PUDUCHERRY,600,Gopal Nagar Road,533464,P,F,09-08-2020 00:00
200,medical m,PUDUCHERRY,599,"fghh45567()./,_-",566565,P,F,14-08-2020 15:11
749,Civil Hospital Sector 45 Chandigarh,CHANDIGARH,44,"Civil Hospital, Sector-45 Chandigarh, Chandigarh",201301,G,F,09-02-2022 11:02
609,"Sub Center, Balu Basti",ANDAMAN AND NICOBAR ISLANDS,603,Balu Basti,744303,G,NULL,01-12-2021 10:57
671,Dr Agarwal Eye Hospital,ANDHRA PRADESH,503,Annamayya Srickil Thirupathi,517101,P,NULL,04-01-2022 12:51
716,Senthil Speciality Hospital,PUDUCHERRY,600,9 Thillai Masteri St,650001,P,F,21-01-2022 12:04
693,Aarupadai Veedu Medical College And Hospital,PUDUCHERRY,600,"Pondy - Cuddalore Main Road, Kirumampakkam, Pondicherry",607402,P,NULL,12-01-2022 22:04
203,"Sub Centre, Manarghat",ANDAMAN AND NICOBAR ISLANDS,602,Manarghat,744206,G,NULL,14-08-2020 19:22
201,"Sub Centre, Poornankuppam",PUDUCHERRY,600,Poornankuppam thavalakuppam pandy,605007,G,NULL,14-08-2020 17:00
766,RAO hospital,TAMIL NADU,569,"Rs puram, bd road,  Coimbatore",641001,P,F,14-02-2022 17:24
750,API4,CHHATTISGARH,646,"MIG7, near sri sai building,",500085,P,F,09-02-2022 11:26
652,Rajivgandhi women and child hospital,PUDUCHERRY,600,"100 feet road, ellaipillaichavadi",605005,G,NULL,21-12-2021 21:43
653,NH Narayana Multispeciality Clinic,KARNATAKA,525,"Sarjapura Main Road, Doddakanelli",560037,P,NULL,22-12-2021 17:34
651,Unit Hospital 48Th Bn,BIHAR,201,667756868,556567,G,F,21-12-2021 21:07
418,ABC Hsospital,PUDUCHERRY,600,123,744301,P,F,12-04-2021 14:01
405,sms,PUDUCHERRY,600,test,500000,P,F,30-01-2021 20:45
101,ND test pharmacy,PUDUCHERRY,600,Abishigapakkam pandy,605007,P,TC,08-08-2020 00:00
478,hospital,HARYANA,62,new delhi,110092,G,F,01-09-2021 13:30
528,Dental Hospital,PUDUCHERRY,600,Villiyanur,605110,PP,F,04-10-2021 18:59
694,Aarupadai Veedu Medical College And Hospital,PUDUCHERRY,600,"Pondy - Cuddalore Main Road, Kirumampakkam, Pondicherry",607402,P,NULL,12-01-2022 22:06
610,"Sub Center, Laxmi Nagar",ANDAMAN AND NICOBAR ISLANDS,603,Laxmi Nagar,744301,G,NULL,01-12-2021 10:59
587,dfeffwe,PUDUCHERRY,600,cddf,231443,G,NULL,26-11-2021 22:35
544,ABC Hospital,PUDUCHERRY,600,123,700001,G,NULL,29-10-2021 19:01
191,"Sub Centre, Khudda Jassu",CHANDIGARH,44,Khuda jassu chd,160014,G,NULL,13-08-2020 17:29
237,"Sub Centre, Carbyn Quarry",ANDAMAN AND NICOBAR ISLANDS,602,Carbyn Quarry,744302,G,NULL,19-08-2020 12:46
135,Facility Name,PUDUCHERRY,600,add line1,282005,NULL,F,09-08-2020 00:00
419,NULL,NULL,NULL,NULL,NULL,P,NULL,03-05-2021 12:50
442,NULL,NULL,NULL,NULL,NULL,P,NULL,29-07-2021 13:28
757,dsggfdgdgd,ANDAMAN AND NICOBAR ISLANDS,603,11,201301,P,,14-02-2022 10:11
673,NULL,NULL,NULL,NULL,NULL,P,NULL,05-01-2022 23:56
368,new gov fac of mahe,PUDUCHERRY,599,address line 1,252621,G,NULL,02-11-2020 23:01
525,Grover Medicos,DELHI,79,"50, Nehru Bazar , Pahar Ganj New Delhi-55",110001,P,,29-09-2021 20:20
545,NULL,NULL,NULL,NULL,NULL,P,NULL,01-11-2021 11:07
695,Aarupadai Veedu Medical College And Hospital,PUDUCHERRY,600,"Pondy - Cuddalore Main Road, Kirumampakkam, Pondicherry",607402,P,NULL,12-01-2022 22:10
481,Govt med hospital pudd,PUDUCHERRY,600,11,120000,G,NULL,01-09-2021 16:48
611,"Sub Center, Minyuk",ANDAMAN AND NICOBAR ISLANDS,603,Minyuk,744301,G,NULL,01-12-2021 11:01
335,New Test Facility sbx,PUDUCHERRY,600,line 1,282001,P,F,29-09-2020 22:09
224,Facility testing Name 121,PUDUCHERRY,599,line 1,858551,P,F,17-08-2020 14:13
406,sms3,PUDUCHERRY,599,test,500000,P,F,30-01-2021 20:57
105,ND_test_hospital,PUDUCHERRY,600,test,111111,P,F,08-08-2020 00:00
692,Northern Railway Central Hospital,DELHI,79,Parliament street,110001,P,F,12-01-2022 22:02
443,YK test Hospital,PUDUCHERRY,600,123,700001,G,F,29-07-2021 15:36
124,Shri Guru Arjan Dev Ji Clinical Laboratory,CHANDIGARH,44,Ward 10,160036,P,F,09-08-2020 00:00
347,test new ,NULL,,,,NULL,F,06-10-2020 14:13
758,hos,ANDAMAN AND NICOBAR ISLANDS,632,chandigarh,122001,G,,14-02-2022 11:07
187,"Sub Centre, Chulichan",LADAKH,6,Kargil,194105,G,NULL,12-08-2020 19:37
734,hos,PUDUCHERRY,600,chandigarh,122001,P,,01-02-2022 16:14
654,Chc Bhimpur TEST,PUDUCHERRY,600,GN AVENUE,201301,G,F,23-12-2021 14:16
612,"Sub Center, Big Laparthy",ANDAMAN AND NICOBAR ISLANDS,603,Big Lapathy,744301,G,NULL,01-12-2021 13:07
674,Apollo hospital,PUDUCHERRY,600,Ellaipillaichavady,605005,P,NULL,07-01-2022 15:46
589,Test Facility,DELHI,79,Vasant Kunj,110070,G,NULL,26-11-2021 22:50
320,kavya  sree divya new government facility three,PUDUCHERRY,599,test,500000,G,F,25-09-2020 17:28
369,new gov fac of mahe,PUDUCHERRY,599,address line 1,252621,G,NULL,02-11-2020 23:04
461,TEST HOSPITAL 3,PUDUCHERRY,598,224,100021,P,F,19-08-2021 16:37
632,,PUDUCHERRY,600,Nettappakkam pandy,605106,G,,15-12-2021 16:38
696,Aarupadai Veedu Medical College And Hospital,PUDUCHERRY,600,"Pondy - Cuddalore Main Road, Kirumampakkam, Pondicherry",607402,P,NULL,12-01-2022 22:11
717,CHC UDAIGARH,MADHYA PRADESH,639,CHC UDAIGARH,457990,G,NULL,24-01-2022 13:03
407,sms,PUDUCHERRY,599,test,500000,P,F,30-01-2021 21:13
420,test,PUDUCHERRY,600,test,605001,P,F,07-06-2021 16:51
529,TEST HOSPITAL 15,PUDUCHERRY,600,12,123242,P,F,05-10-2021 16:28
546,SS Remedy Hospital,PUDUCHERRY,599,No. 222 kamaraj salai. Saaram,605013,P,F,01-11-2021 13:00
421,Gulfam Hospital,ANDHRA PRADESH,502,123,600001,G,F,12-06-2021 12:32
235,"Urban Family Welfare Centre, Ozhukarai",PUDUCHERRY,600,Karuvadikuppam puducherry,605008,G,NULL,19-08-2020 12:17
348,registration process,PUDUCHERRY,599,test,500000,PP,F,06-10-2020 17:03
759,vbn,CHHATTISGARH,646,gdfdh,345345,G,,14-02-2022 11:12
613,"Sub Center, Makachua",ANDAMAN AND NICOBAR ISLANDS,603,Makachua,744301,G,NULL,01-12-2021 13:25
511,Central Referral Hospital & Medical College (Tadong 5th Mile),SIKKIM,225,5th Mile Tadong Gangtok,737102,P,NULL,21-09-2021 11:21
462,TEST HOSPITAL 3,PUDUCHERRY,598,11,120001,G,,19-08-2021 17:33
530,Test Hospital YK4,PUDUCHERRY,600,123,700001,P,F,05-10-2021 16:32
121,eyecareone,CHANDIGARH,44,rr,111111,NULL,F,09-08-2020 00:00
547,Sub center vanjur,PUDUCHERRY,598,Tsunammi residance north vanjur,609606,G,NULL,01-11-2021 14:49
633,New Star Medical,PUDUCHERRY,600,Mandabam theru,605502,P,NULL,20-12-2021 18:00
170,New Karpagam Medicals,PUDUCHERRY,600,Abishigapakkam pandy,605007,P,NULL,12-08-2020 09:13
655,Sub Divisional Hospital Northern Railway Amritsar,PUNJAB,27,majitha road,143001,G,F,23-12-2021 16:24
675,NULL,NULL,NULL,NULL,NULL,P,NULL,07-01-2022 15:48
430,NULL,NULL,NULL,NULL,NULL,P,NULL,06-07-2021 16:49
385,Max Health Care,CHANDIGARH,44,1st street,345654,P,F,27-11-2020 11:40
444,Manu Pallavi Hospital,PUDUCHERRY,599,123,700001,P,F,29-07-2021 15:48
142,Nimbus  Eye Centre & Path Lab,CHANDIGARH,44,Sector 44 c chandigarh,160047,P,TC,09-08-2020 00:00
697,Aarupadai Veedu Medical College And Hospital,PUDUCHERRY,600,"Pondy - Cuddalore Main Road, Kirumampakkam, Pondicherry",607402,P,F,12-01-2022 22:13
389,sai clinical laboratory,CHANDIGARH,44,shop.no.156/1 f.floor rama market manimajra chd,160101,P,F,18-12-2020 13:37
445,NULL,NULL,NULL,NULL,NULL,P,NULL,30-07-2021 10:37
718,CHC Funga,MADHYA PRADESH,390,CHC Funga,484224,G,NULL,27-01-2022 15:15
735,hospital for test,PUDUCHERRY,600,chandigarh,122001,G,,01-02-2022 17:05
789,Iyyappa clinic,PUDUCHERRY,600,TV Main Road,605502,P,,28-02-2022 12:37
531,Sanjay medical,PUDUCHERRY,600,Murungapakkam pandy,605004,P,NULL,06-10-2021 10:29
634,Geetha clinic,PUDUCHERRY,598,Elai Kara st,609602,P,NULL,20-12-2021 18:02
736,Abhali,PUDUCHERRY,600,Abhali,451666,G,NULL,02-02-2022 11:45
719,Manakula Vinayagar Hospital,PUDUCHERRY,600,Kalithitharlkuppam Main Road,605502,P,NULL,27-01-2022 15:22
423,NULL,NULL,NULL,NULL,NULL,NULL,NULL,01-07-2021 18:41
548,TEST HOSPITAL 24,PUDUCHERRY,600,11,201301,P,F,01-11-2021 15:09
591,MOHFW Test Hospital,PUDUCHERRY,600,123,700001,G,NULL,30-11-2021 12:17
656,NULL,NULL,NULL,NULL,NULL,P,NULL,27-12-2021 12:29
614,"Sub Center, Hitui",ANDAMAN AND NICOBAR ISLANDS,603,Hitui,744303,G,NULL,01-12-2021 13:31
751,CHC Funga,MADHYA PRADESH,390,CHC Funga,484224,G,F,10-02-2022 15:54
676,Crown medicals,PUDUCHERRY,600,Airport street pakkamudayanpet,605008,P,NULL,10-01-2022 19:07
698,Aarupadai Veedu Medical College And Hospital,PUDUCHERRY,600,"Pondy - Cuddalore Main Road, Kirumampakkam, Pondicherry",607402,P,NULL,12-01-2022 22:26
296,Anubhav,LADAKH,9,Main Market,194101,P,F,04-09-2020 14:02
774,Civil Hospital Sector 45 ,MADHYA PRADESH,667,Dummy Address 1,457990,G,F,18-02-2022 13:12
483,Test Hospital YK1,PUDUCHERRY,600,123,700001,P,F,08-09-2021 12:11
500,Test Hospital 8,DELHI,77,123,700001,PP,F,14-09-2021 11:42
350,Registration process three,PUDUCHERRY,599,"test, fghfhfgf",500000,P,TC,06-10-2020 20:47
401,"Sub Center, Pillauaar kovil",PUDUCHERRY,598,Pillauaar kovil street near aganvadi,609604,G,,20-01-2021 16:32
635,Sri Manakula Vinayagar Medical College And Hospital,PUDUCHERRY,600,,,P,,20-12-2021 18:21
283,hosp,PUDUCHERRY,599,line1,285654,G,NULL,31-08-2020 14:07
615,"Sub Center, Champin",ANDAMAN AND NICOBAR ISLANDS,603,Champion Village,744303,G,NULL,01-12-2021 13:38
126,sdfsf,CHANDIGARH,44,5dffghg,455676,NULL,F,09-08-2020 00:00
778,NULL,NULL,NULL,NULL,NULL,P,NULL,56:46.3
592,hosital,PUDUCHERRY,600,puducherry,123456,G,NULL,30-11-2021 12:22
549,Test Hospital,PUDUCHERRY,598,123,700001,G,NULL,02-11-2021 14:59
657,NULL,NULL,NULL,NULL,NULL,P,NULL,27-12-2021 12:30
677,Coastal medical,PUDUCHERRY,600,Lal Bahadur St near rosema marriage hall Pondicherry,605001,P,NULL,11-01-2022 12:22
134,"Urban Primary Health Centre, Dadumajra",CHANDIGARH,44,Ward no 6 dadu majra,160014,G,NULL,09-08-2020 00:00
663,Test Hospital XX,PUDUCHERRY,600,123,110011,G,NULL,28-12-2021 13:30
322,Divya total hfr,PUDUCHERRY,599,test,500000,P,F,26-09-2020 00:20
570,TEST,DELHI,84,Flat No 2 Sector 22 DDA SFS Flats Phase 1 Pocket 1 Dwarka New Delhi-110077,110077,P,F,23-11-2021 15:11
391,sri guru har rai sahib diagnostic centre,CHANDIGARH,44,gurdwara sahib sector-22d ,160022,P,F,18-12-2020 19:38
238,Hosp,PUDUCHERRY,599,Test,500008,P,F,19-08-2020 12:59
112,M/s New Fariza Medicals,ANDAMAN AND NICOBAR ISLANDS,602,Bambooflat,744107,P,F,08-08-2020 00:00
151,"Community Health Centre, Bamboo Flat",ANDAMAN AND NICOBAR ISLANDS,602,Baboo Flat,744103,G,F,10-08-2020 00:00
265,Divya five,PUDUCHERRY,599,test,500000,P,F,24-08-2020 23:33
699,CHC BIRSA,MADHYA PRADESH,392,CHC BIRSA,481051,G,F,13-01-2022 14:43
720,CHC BIRSA,MADHYA PRADESH,392,CHC BIRSA,481051,G,NULL,28-01-2022 10:25
737,NULL,NULL,NULL,NULL,NULL,G,NULL,02-02-2022 13:59
502,NULL,NULL,NULL,NULL,NULL,P,NULL,14-09-2021 11:50
485,hospital,PUDUCHERRY,598,11,111111,G,NULL,08-09-2021 15:56
593,facility test,PUDUCHERRY,600,delhi,122001,G,NULL,30-11-2021 12:24
550,NULL,NULL,NULL,NULL,NULL,P,NULL,08-11-2021 12:09
636,Mahatma Gandhi Medical College And Research Institute,PUDUCHERRY,600,NULL,NULL,P,NULL,20-12-2021 18:34
571,DELHI DIVISIONAL RAILWAY HOSPITAL,NULL,,,110006,G,NULL,00:52.7
616,"Sub center,Sawai",ANDAMAN AND NICOBAR ISLANDS,603,Sawai Village,744301,G,NULL,01-12-2021 13:49
658,NULL,NULL,NULL,NULL,NULL,P,NULL,27-12-2021 12:35
776,NULL,NULL,NULL,NULL,NULL,P,NULL,56:46.3
721,Sub ceantre,PUDUCHERRY,600,Iyyanar koil  st kunichempet pandy,605501,G,NULL,28-01-2022 13:30
123,sdfsf,CHANDIGARH,44,5dffghg,455676,NULL,F,09-08-2020 00:00
127,sdfsf123,CHANDIGARH,44,5dffghg,455676,NULL,F,09-08-2020 00:00
119,Kashyap Clinic,CHANDIGARH,44,kaimbala chd,0,P,F,09-08-2020 00:00
392,qcintest,CHANDIGARH,44,sector 37 D,160036,P,F,21-12-2020 12:48
425,NULL,NULL,NULL,NULL,NULL,P,NULL,05-07-2021 13:35
621,hos,ANDAMAN AND NICOBAR ISLANDS,603,delhi,122001,G,,01-12-2021 15:56
477,Primary health  centre  gorimedu,PUDUCHERRY,600,Piyatharshn anger gorimedu,605009,G,F,01-09-2021 13:29
700,CH SUSNER,MADHYA PRADESH,667,CH SUSNER,465550,G,F,13-01-2022 15:16
404,Government veretery hospital,PUDUCHERRY,599,Vadakattalai,606609,G,F,29-01-2021 21:00
113,"Sub Centre, Manarghat",ANDAMAN AND NICOBAR ISLANDS,602,Manarghat,744206,G,F,08-08-2020 00:00
678,Kidney centre hospital,PUDUCHERRY,600,"No:115, subbiah Salai. Pondicherry",605001,P,F,11-01-2022 13:02
138,Facility Name,PUDUCHERRY,600,add line1,282005,NULL,F,09-08-2020 00:00
572,SOUTH CENTRAL RAILWAY CENTRAL HOSPITAL,NULL,,,500017,G,NULL,00:52.9
739,Sri sai,CHHATTISGARH,646,"MIG7, near sri sai building,",500085,G,NULL,02-02-2022 14:05
594,hos,PUDUCHERRY,600,delhi,122001,G,NULL,30-11-2021 15:16
617,goverment Hospital today,ANDAMAN AND NICOBAR ISLANDS,603,delhi,122001,G,NULL,01-12-2021 14:53
551,Test Hospital,PUDUCHERRY,600,123,700001,P,,08-11-2021 12:10
753,Sendhil speciality hospital,PUDUCHERRY,600,"No. 10 Thillai maistry street, puducherry",605001,P,F,11-02-2022 10:51
659,NULL,NULL,NULL,NULL,NULL,P,NULL,27-12-2021 12:38
637,Divisional Railway Hospital Sonpur,BIHAR,218,NULL,NULL,G,NULL,20-12-2021 18:40
722,Jothi Eye Care Centre,PUDUCHERRY,600,"152, 154,Calve Subraya Chetty Street",650001,P,,28-01-2022 14:20
426,NULL,NULL,NULL,NULL,NULL,P,NULL,05-07-2021 13:37
701,Pharmacy Testing,PUDUCHERRY,600,11,201890,P,F,14-01-2022 13:37
155,test,LADAKH,6,test,110022,P,CL,11-08-2020 00:00
413,,NULL,,,,P,,23-03-2021 16:45
323,divya test check,PUDUCHERRY,599,test,500000,G,CL,26-09-2020 00:56
449,Test Hospital,PUDUCHERRY,600,123,700001,G,F,03-08-2021 11:22
330,Remarkshfrandsms,PUDUCHERRY,599,"test, fghfhfgf",500000,P,F,27-09-2020 17:19
431,ABC Hospital,PUDUCHERRY,600,123,600001,P,F,06-07-2021 17:12
255,Divya  hosp two,PUDUCHERRY,599,test,500000,P,F,23-08-2020 16:28
256,Divya test three,PUDUCHERRY,599,646456,500000,P,F,23-08-2020 18:29
743,Rajiv Gandhi Government Women & Children Hospital,PUDUCHERRY,600,"100 Feet Road, Ellaipillaichavady",605005,G,,07-02-2022 17:10
638,Eastern Railway Main Hospital Jamalpur,BIHAR,207,address,854685,G,NULL,20-12-2021 18:45
414,,NULL,,,,P,,23-03-2021 17:00
534,Sendhil speciality hospital,PUDUCHERRY,600,"No. 10 Thillai maistry street, puducherry",605001,P,,06-10-2021 12:19
680,NULL,NULL,NULL,NULL,NULL,P,NULL,11-01-2022 15:57
573,PUNE DIVISIONAL RAILWAY HOSPITAL,NULL,,,411001,G,NULL,00:52.9
702,CHC UDAIGARH,MADHYA PRADESH,639,CHC UDAIGARH,457990,G,,14-01-2022 14:00
552,Dr Lal Path Lab,DELHI,77,Dayanand Daryaganj,110002,NULL,F,10-11-2021 16:01
618,"Sub Center,Kinmai",ANDAMAN AND NICOBAR ISLANDS,603,Samal Lipaty,744301,G,NULL,01-12-2021 15:03
595,hos,PUDUCHERRY,600,delhi,122001,G,NULL,30-11-2021 15:21
660,NULL,NULL,NULL,NULL,NULL,P,NULL,27-12-2021 12:38
205,"Urban Family Welfare Centre, Thanchavandi",PUDUCHERRY,600,Communti hall .thatanchavaid sub center,605009,G,NULL,14-08-2020 19:30
723,Dakshinpara GP II HQ SC,WEST BENGAL,320,NULL,741151,G,NULL,28-01-2022 14:30
754,Manakula Vinayagar Hospital,PUDUCHERRY,600,Kalithitharlkuppam Main Road,605502,P,,11-02-2022 11:01
761,RAO hospital,TAMIL NADU,569,"Rs puram, bd road,  Coimbatore",641001,P,F,14-02-2022 15:36
768,RAO hospital,TAMIL NADU,569,"Rs puram, bd road,  Coimbatore",641001,P,F,15-02-2022 13:13
576,LALKUAN RAILWAY HEALTH UNIT,NULL,,,262402,G,NULL,00:53.1
599,hos,PUDUCHERRY,600,delhi,122001,G,NULL,30-11-2021 15:49
326,rejectemailsms,PUDUCHERRY,599,test,500000,P,F,26-09-2020 19:26
145,facility Name 101 fac check test,PUDUCHERRY,598,line1,252864,P,F,10-08-2020 00:00
467,Test hospital YK,PUDUCHERRY,600,123,700001,P,F,25-08-2021 16:29
553,Annai labs,PUDUCHERRY,600,"No:175, bussy St Pondicherry",605001,P,F,11-11-2021 17:32
574,ALAMBAGH LRS RAILWAY HEALTH UNIT,NULL,,,226005,G,NULL,00:53.0
596,Indragandhi,PUDUCHERRY,600,Kathirkamam,605009,G,NULL,30-11-2021 15:23
639,Chc Changtongya,NAGALAND,246,123,111111,G,F,20-12-2021 21:18
354,Test new Fac Manika ,PUDUCHERRY,599,line 1,282001,G,NULL,09-10-2020 17:44
661,NULL,NULL,NULL,NULL,NULL,P,NULL,27-12-2021 12:39
619,hosiptal,ANDAMAN AND NICOBAR ISLANDS,603,delhi,122001,G,NULL,01-12-2021 15:12
724,Senthil Speciality Hospital,PUDUCHERRY,600,9 Thillai Masteri St,650001,P,NULL,28-01-2022 14:43
775,xyz facility,ANDAMAN AND NICOBAR ISLANDS,603,wqq,201201,P,F,56:46.3
681,Jothi Eye Care Centre,PUDUCHERRY,600,"152, 154,Calve Subraya Chetty Street",650001,P,NULL,11-01-2022 16:02
114,Sri venkateshwara medical research centre,PUDUCHERRY,600,Arthur puducherry,605102,P,NULL,09-08-2020 00:00
146,"Sub Centre, Mus",ANDAMAN AND NICOBAR ISLANDS,603,Must Village,744301,G,NULL,10-08-2020 00:00
132,"Civil Dispensary, Sarangpur",CHANDIGARH,44,Vill.sarangpur chd,160014,G,NULL,09-08-2020 00:00
216,Facility Test Name 999,PUDUCHERRY,599,address line 1,258200,P,F,17-08-2020 10:23
487,test facility manika 8 sept,PUDUCHERRY,599,adress line 1,858975,P,F,08-09-2021 17:52
703,Dharma Eye Hospital,PUNJAB,27,"Near Nehar, Rayya",143112,P,F,14-01-2022 14:25
535,TEST HOSPITAL 17,MAHARASHTRA,483,11,201301,P,F,06-10-2021 16:46
115,Sathya Dental Hospital,PUDUCHERRY,600,"Veerampattinam Road , Ariyankuppam",605007,P,F,09-08-2020 00:00
122,Raman Medical Store,PUDUCHERRY,599,Sector 9 Ward 1 CHD,160009,P,F,09-08-2020 00:00
512,test facility manika 22 sept,PUDUCHERRY,599,address line 1,282005,P,F,22-09-2021 19:05
620,hosital,ANDAMAN AND NICOBAR ISLANDS,603,delhi,122001,G,NULL,01-12-2021 15:23
505,Aaims hospital,PUDUCHERRY,600,new delhi,110092,G,NULL,15-09-2021 12:35
597,hos,PUDUCHERRY,600,delhi,122001,G,NULL,30-11-2021 15:34
536,Urban Health Center,PUDUCHERRY,600,"Nadutheru,Sulthanpet",605010,G,F,06-10-2021 17:14
575,BHAVNAGAR DIVISIONAL RAILWAY HOSPITAL,NULL,,,364003,G,NULL,00:53.0
429,,NULL,,,,P,,06-07-2021 15:52
469,NULL,NULL,NULL,NULL,NULL,P,NULL,27-08-2021 11:45
662,Himalaya Pharmacy,PUDUCHERRY,600,Villiyanur main road reddiyarpalayam,605010,G,NULL,28-12-2021 13:19
640,Chc Changtongya,NAGALAND,246,NULL,NULL,G,NULL,20-12-2021 22:05
682,Sendhil speciality hospital,PUDUCHERRY,600,"No. 10 Thillai maistry street, puducherry",605001,P,NULL,11-01-2022 16:03
725,"Ghos dental clinic,bausi",BIHAR,190,Bausi,843104,P,NULL,28-01-2022 14:47
704,sdada,ANDAMAN AND NICOBAR ISLANDS,632,sddad,201301,G,NULL,15-01-2022 16:15
741,API,CHHATTISGARH,646,"MIG7, near sri sai building,",500085,G,,04-02-2022 17:50
755,Indian lab,PUDUCHERRY,598,Masuthi street,609604,NULL,,11-02-2022 11:09
769,rao hospital,TAMIL NADU,569,"Rs puram, bd road,  Coimbatore",641001,P,F,15-02-2022 13:22
397,Testing facility name 12345,PUDUCHERRY,598,address line 1,282005,G,NULL,07-01-2021 10:50
374,Sarvesh Dental Clinic,PUDUCHERRY,600,Villiyanur road. Reddiyarpalayam.,605010,P,F,18-11-2020 20:33
202,Navi Kaus jfjfj,CHANDIGARH,44,kaimbala chd,160103,P,F,14-08-2020 19:19
488,Test hospital YK 2,KARNATAKA,525,1,560023,P,F,09-09-2021 16:59
411,Sarvesh Dental Clinic,PUDUCHERRY,600,Villiyanur road. Reddiyarpalayam.,605010,G,F,23-03-2021 15:49
218,Afsanath Medical Store,LAKSHADWEEP,553,"Helipad Road, Amini, Amini Island, Lakshadweep",682555,P,NULL,17-08-2020 12:20
239,"Upgraded Primary Health Center, Nedungadu",PUDUCHERRY,598,Hospital road nedunadu,609603,G,NULL,19-08-2020 13:56
705,,NULL,,,,P,,17-01-2022 14:09
410,Sarvesh Dental Clinic,PUDUCHERRY,600,Villiyanur road. Reddiyarpalayam.,605010,P,NULL,16-03-2021 11:59
489,,NULL,,,,P,,10-09-2021 14:59
555,Annai lab mehta poly clinic,PUDUCHERRY,600,"No:121, Lal Bahadur St Pondicherry",605001,P,F,11-11-2021 17:34
683,CHC UDAIGARH,MADHYA PRADESH,639,CHC UDAIGARH,457990,G,NULL,11-01-2022 16:13
598,hos,PUDUCHERRY,600,delhi,122001,G,NULL,30-11-2021 15:45
641,Sadar Hospital Begusarai,BIHAR,191,123,700001,G,F,20-12-2021 22:18
726,PHC Homeopathy unit,PUDUCHERRY,600,Odyenpet road kanuvapet,605110,G,NULL,28-01-2022 14:58
756,Sendhil speciality hospital,PUDUCHERRY,600,"No. 10 Thillai maistry street, puducherry",605001,P,NULL,11-02-2022 15:23
777,abc hosp,ANDAMAN AND NICOBAR ISLANDS,603,sdsds ,123876,P,F,56:46.3
471,Test Hospital,PUDUCHERRY,600,123,700001,G,F,31-08-2021 11:07
316,Divya new government facility,PUDUCHERRY,599,test,500000,G,NULL,24-09-2020 15:23
136,kumar Pharmacy,CHANDIGARH,44,Vill. Makhan majra,160102,P,F,09-08-2020 00:00
378,VBV Clinic,CHANDIGARH,44,"Vaibhav Building, No. 235",160022,P,F,20-11-2020 10:58
452,YKK Hospital,PUDUCHERRY,598,123,700001,P,F,05-08-2021 11:56
538,Sparsh Hospital,DELHI,78,100,110089,P,F,07-10-2021 11:50
490,Test Hospital YK3,PUNJAB,27,123,700001,P,F,10-09-2021 15:03
642,Sadar Hospital Begusarai,BIHAR,191,NULL,NULL,G,NULL,20-12-2021 22:21
556,PRIMUS SUPER SPECIALITY HOSPITAL,PUDUCHERRY,600,Chanakyapuri,110021,P,F,12-11-2021 15:28
622,"BJR District Hospital, Car Nicobar",ANDAMAN AND NICOBAR ISLANDS,603,Car Nicobar,744301,G,,01-12-2021 15:58
577,BARDHAMAN MAIN RAILWAY HEALTH UNIT,NULL,,,713101,G,NULL,00:53.1
664,Test Hospital 28,PUDUCHERRY,600,11 g.N,201301,P,F,28-12-2021 15:31
706,NULL,NULL,NULL,NULL,NULL,P,NULL,18-01-2022 14:27
684,NULL,NULL,NULL,NULL,NULL,P,NULL,11-01-2022 17:49
770,NULL,NULL,NULL,NULL,NULL,P,NULL,15-02-2022 15:36
779,qwerty,ANDAMAN AND NICOBAR ISLANDS,603,11,201301,P,F,21-02-2022 17:17
793,,NULL,,,,NULL,,15-03-2022 16:06
600,hos,PUDUCHERRY,600,delhi,122001,G,NULL,30-11-2021 15:52
707,NULL,NULL,NULL,NULL,NULL,P,NULL,18-01-2022 16:46
539,test,PUDUCHERRY,600,test 1 ,605001,P,F,11-10-2021 17:21
448,Kidney center hospital,PUDUCHERRY,600,"No. 206 anna salai, old bus stand,",605001,P,NULL,02-08-2021 15:49
337,New Test Facility 456 Gov,PUDUCHERRY,600,line 1 of address,282001,G,NULL,29-09-2020 22:20
351,Test Facility 234 MNK,PUDUCHERRY,599,line1,285654,G,NULL,07-10-2020 11:45
280,bfvvjkdf,PUDUCHERRY,598,fv bfdv,282005,PP,F,26-08-2020 21:25
304,St. Marys Eye Care,PUDUCHERRY,600,Lal Bahadur St Pondicherry,605001,P,F,11-09-2020 13:29
266,Divya six,PUDUCHERRY,599,Test,500000,P,F,25-08-2020 08:37
278,Divya 11,PUDUCHERRY,599,test,500000,P,F,25-08-2020 20:26
325,emailsmshfr,PUDUCHERRY,599,test,500000,P,F,26-09-2020 19:08
269,Divya eight,PUDUCHERRY,599,test,500000,P,F,25-08-2020 11:16
286,DIvya government facility ,PUDUCHERRY,599,test,500000,G,TC,31-08-2020 17:03
474,ESI Hospital,PUDUCHERRY,600,Villiyanur,605110,G,F,31-08-2021 11:50
491,NULL,NULL,NULL,NULL,NULL,P,NULL,10-09-2021 15:18
643,Shree Ram Multispeciality Hospital,CHHATTISGARH,377,NULL,NULL,P,NULL,20-12-2021 22:46
727,Government Hospital Ariyur,PUDUCHERRY,600,address,122001,G,NULL,28-01-2022 19:17
762,VGM Hospital,TAMIL NADU,569,"Rajalakshmi mills tennis court, 2100, Trichy road, Singanallur, Coimbatore",641005,P,F,14-02-2022 15:50
143,sdfgsdfg,PUDUCHERRY,599,sdfg 3564 dfgd,743564,P,F,09-08-2020 00:00
432,NULL,NULL,NULL,NULL,NULL,P,NULL,11-07-2021 20:41
139,Facility Name,PUDUCHERRY,600,add line1,282005,P,F,09-08-2020 00:00
744,Government hospital,PUDUCHERRY,600,Kunichampet,605510,G,NULL,07-02-2022 17:19
771,Dharan Hospital,TAMIL NADU,584,Dasanaickenpatti (Ct),636201,P,F,15-02-2022 15:37
579,Government hospital for chest diseases,PUDUCHERRY,600,"Priyadharshni nagar, gorimedu, puducherry",605006,G,NULL,24-11-2021 17:28
492,NULL,NULL,NULL,NULL,NULL,P,NULL,10-09-2021 15:22
473,hospital,PUDUCHERRY,598,new delhi,122001,G,,31-08-2021 11:33
508,K s hospital,PUDUCHERRY,598,Nedukadu road,609602,P,,17-09-2021 14:50
728,Sub centre panaiyadikum,PUDUCHERRY,600,Angalamammn kovil street panaiyadikuppam,607004,G,NULL,28-01-2022 19:18
343,"Urban Family Welfare Centre, Nonankuppam",PUDUCHERRY,600,Gangaiamman kovil street nonankuppam,605005,G,NULL,30-09-2020 14:02
285,Divya 12,PUDUCHERRY,599,test,500000,P,F,31-08-2020 16:55
178,Facility Test999,PUDUCHERRY,599,line 1,202332,P,F,12-08-2020 12:14
685,CHC UDAIGARH,MADHYA PRADESH,639,CHC UDAIGARH,457990,G,F,12-01-2022 12:10
557,Lady Hardinge Medical College & Smt. S. K. Hospital,DELHI,79,"C-602, Shaheed Bhagat Singh Road, Diz Area, New Delhi",110001,G,F,18-11-2021 17:35
504,15 Sep Test,PUDUCHERRY,600,puducherry,122001,P,F,15-09-2021 11:41
601,Sub centre kombakam,PUDUCHERRY,600,10 nadu street kombakam,605110,G,NULL,30-11-2021 16:11
745,hos,PUDUCHERRY,600,23456789,345678,G,NULL,07-02-2022 17:19
665,Laxmi Prasanna Medical Store,ANDHRA PRADESH,502,"Axis Bank ATM,Anantapur",515001,P,,29-12-2021 13:17
708,NULL,NULL,NULL,NULL,NULL,P,NULL,18-01-2022 16:49
384,City Hospital,CHANDIGARH,44,SCO 10-11 sector 8C Chandigarh,160009,P,NULL,26-11-2020 17:23
140,Akshay Medicals,PUDUCHERRY,600,"No.30,cuddalore main road,mudaliyarpet,puducherry-4",605004,P,F,09-08-2020 00:00
144,Facility Test 23,PUDUCHERRY,599,address line 1,232261,P,UC,10-08-2020 00:00
281,facilty test 12345,PUDUCHERRY,598,,,NULL,F,26-08-2020 22:13
341,Test new Pvt Fac 123,PUDUCHERRY,599,Address line 1,282001,NULL,TC,30-09-2020 13:50
327,emailsmsrejct,PUDUCHERRY,599,test,500000,NULL,F,26-09-2020 19:32
395,"Sub Center, Rayanpalayam",PUDUCHERRY,598,School street  Rayanpalaiyam,609609,G,NULL,07-01-2021 10:34
377,Kidney Center Hospital,PUDUCHERRY,600,"No. 206 anna salai, old bus stand,",605001,P,NULL,18-11-2020 21:29
434,hospital,PUDUCHERRY,600,123,600001,G,NULL,12-07-2021 17:26
795,Apollo hospital,PUDUCHERRY,600,Ellaipillaichavady,605005,P,NULL,23-03-2022 12:02
562,CLW KASTURBA GANDHI  RAILWAY  HOSPITAL,PUDUCHERRY,600,delhi,122001,G,F,17:54.6
686,CHC SHADORA,MADHYA PRADESH,391,CHC SHADORA,473330,P,F,12-01-2022 14:45
456,hospital,PUDUCHERRY,600,Trans Yamuna Colony Agra,282006,P,F,12-08-2021 11:21
244,"Urban Health Post, Chembra",PUDUCHERRY,599,"Sub centre chembra,(po)paral",670671,G,F,19-08-2020 17:29
175,Facility Test Name 121,PUDUCHERRY,599,line 1,282001,P,F,12-08-2020 11:19
163,a,PUDUCHERRY,598,a,123456,P,F,11-08-2020 00:00
602,hos,PUDUCHERRY,600,delhi,122001,G,NULL,30-11-2021 16:51
558,Esv hospital,PUDUCHERRY,600,"Sendhil nagar, murugampakkam",605001,P,,18-11-2021 17:47
666,Child hospital,PUDUCHERRY,600,"No:125, Lenin street kosapalayam Pondicherry",605013,G,NULL,29-12-2021 14:17
687,Procare Dental Clinic & Implant Centre,DELHI,79,Shop No -2 Skytech Magadh Apartment Sector-3 Vaishali,201010,P,NULL,12-01-2022 17:45
709,NULL,NULL,NULL,NULL,NULL,P,NULL,18-01-2022 16:51
729,Barasat UPHC 5,WEST BENGAL,303,NULL,700124,G,NULL,28-01-2022 19:21
763,NarayanaReddy Hospital,ANDHRA PRADESH,505,Main road,533308,P,F,14-02-2022 15:56
581,NULL,NULL,NULL,NULL,NULL,P,NULL,25-11-2021 08:42
603,Indira Gandhi institute of dental science,PUDUCHERRY,600,"Pillaiyarkuppam, puducherry, bahoor road",607402,G,NULL,30-11-2021 16:55
314,"Sub centre, Manamedu",PUDUCHERRY,599,Nadu street manamedu,605106,G,,24-09-2020 14:46
399,"Primary Health Centre, Karaikalmedu",PUDUCHERRY,599,Kilinjal mwdu road karaikalmedu,609605,G,F,07-01-2021 11:11
213,rk medical,PUDUCHERRY,599,etetert,655756,P,F,16-08-2020 16:12
208,test fac 789,PUDUCHERRY,599,line1,285654,P,F,14-08-2020 19:43
495,Indus super specialty hospital,PUNJAB,608,Mohali phase 1,160055,P,F,10-09-2021 16:45
559,Army Hospital Research and Referral,DELHI,79,Army Hospital DELHI,110010,G,F,19-11-2021 15:22
435,GY Hospital,PUDUCHERRY,600,123,600001,G,F,13-07-2021 11:18
494,test 10Sep,PUDUCHERRY,600,new delhi,110092,P,F,10-09-2021 16:20
313,Divya twenty,PUDUCHERRY,599,test,500000,P,F,24-09-2020 14:33
646,Jipmer Hospital ,PUDUCHERRY,600,qwerty,201301,G,NULL,21-12-2021 13:52
688,Mahatma Gandhi Medical College And Research Institute,PUDUCHERRY,600,Pondy Cuddalore Main Road,607402,P,NULL,12-01-2022 17:57
710,NULL,NULL,NULL,NULL,NULL,P,NULL,18-01-2022 17:34
730,Sk pharmacy,MEGHALAYA,276,Umden,793102,P,NULL,28-01-2022 19:28
764,RAO hospital,TAMIL NADU,569,"Rs puram, bd road,  Coimbatore",641001,P,F,14-02-2022 16:56
772,updated fields,ANDAMAN AND NICOBAR ISLANDS,603,1wqw,301201,P,F,16-02-2022 10:58
582,Lifetime hospital,MAHARASHTRA,483,"Shiv tower, 1st fl,opp  tjsb bank mulund west",400601,P,,25-11-2021 09:07
625,Sub centre,PUDUCHERRY,600,Mariyamman koil St kanakasittikkulam,605014,G,NULL,07-12-2021 17:06
560,AAA,MAHARASHTRA,483,111,110010,P,,19-11-2021 22:14
711,NULL,NULL,NULL,NULL,NULL,P,NULL,18-01-2022 18:19
604,Mahatma gandhi,PUDUCHERRY,600,Gorimedu,605006,G,NULL,30-11-2021 16:59
647,Bbmb Hospital Sundernagar,HIMACHAL PRADESH,22,565,565778,G,F,21-12-2021 15:31
458,NULL,NULL,NULL,NULL,NULL,P,NULL,19-08-2021 11:28
100,New Karpagam Medicals,PUDUCHERRY,600,Abishigapakkam pandy,605007,P,NULL,08-08-2020 00:00
740,pmjay test facility,ANDAMAN AND NICOBAR ISLANDS,603,12,121112,P,F,02-02-2022 14:52
204,Mahe Medi Lab,PUDUCHERRY,599,Opposite HDFC bank and Bank Of India. Hospital Junction mahe..,673310,P,F,14-08-2020 19:25
796,CHC Funga,MADHYA PRADESH,390,CHC Funga,484224,G,F,23-03-2022 12:08
171,Facility Name 1234,PUDUCHERRY,600,test,282001,P,F,12-08-2020 09:45
169,Devi Medical,PUDUCHERRY,599,"Opposite Hotel CeeCee car parking.  MAIN ROAD,  Mahe.",673310,P,F,11-08-2020 22:45
174,Care N. Cure Pharmacy,PUDUCHERRY,599,"Near General Hospital, mahi",673310,P,TC,12-08-2020 10:59
189,facc name12,PUDUCHERRY,599,sddf35345,576789,P,F,13-08-2020 11:12
436,ABC medicals,PUDUCHERRY,600,Shanmugapuram,605009,P,NULL,13-07-2021 13:19
760,xcscxcxcx,ANDAMAN AND NICOBAR ISLANDS,603,11,111111,P,F,14-02-2022 12:37
689,"Sub Centre, Kakorwa",BIHAR,206,"Kakorwa, Bisfi, Madhubani",847122,G,NULL,12-01-2022 19:38
668,Jothi Eye Care Centre,PUDUCHERRY,600,"152, Calve Subraya Chetty Street",650001,G,,29-12-2021 16:53
731,NITHESH PHARMACY-MOOLAKULAM,PUDUCHERRY,600,"No.11, ragul square,Villianur main road,, Balaji Nagar, oulgarpet",605010,P,F,31-01-2022 12:06
747,qwerty,ANDAMAN AND NICOBAR ISLANDS,603,876098,123456,P,,08-02-2022 16:31
765,,NULL,,,,NULL,,14-02-2022 17:22
131,"Sub Centre, Thiruveyyagidi",PUDUCHERRY,598,kaliyamman kovil street thiruvettagudi,609609,G,NULL,09-08-2020 00:00
104,NULL,PUDUCHERRY,600,NULL,605007,G,NULL,08-08-2020 00:00
206,"Primary Health Centre, Karaiyambuthoor",PUDUCHERRY,600,School road karaiyambuthoor,605106,G,F,14-08-2020 19:30
334,Senthil Kumar Clinic,PUDUCHERRY,600,"N:174, Lenin street kosapalayam Pondicherry",605013,P,NULL,29-09-2020 18:57
472,community health center Thirunllar,PUDUCHERRY,598,soragudi road thenoor,609607,G,NULL,31-08-2021 11:27
234,"Sub Centre, Manapet",PUDUCHERRY,600,Kuruku street manpet puducherry,607402,G,F,19-08-2020 12:14
333,St. Josephs Hospital,PUDUCHERRY,600,"No. 8.romain Roland street, puducherry",605001,P,F,29-09-2020 18:40
184,dfgdfgdf,CHANDIGARH,44,Near mill.  Chalakkarafgfg,673310,G,F,12-08-2020 19:06
356,Archana Eye Clinic Updating facName,PUDUCHERRY,599,"No:141, Lenin street kosapalayam Pondicherry",605013,P,CL,09-10-2020 22:46
408,Shree Sainath Hospital,THE DADRA AND NAGAR HAVELI AND DAMAN AND DIU,465,"Perin Complex, Opposite Balbhavan,, Silvassa",396230,P,F,01-02-2021 18:54
226,Aravind Eye Hospital,PUDUCHERRY,600,"Pondy Main Road, Tavalakuppam",605007,P,F,17-08-2020 16:51
409,"Sub Centre, Pattinacherry",PUDUCHERRY,598,pillaiyarkovil street pattinachery,609606,G,NULL,22-02-2021 21:21
482,Vasan eye Care hospital,PUDUCHERRY,598,Bharathiyar road karaikal,609602,P,NULL,06-09-2021 16:14
254,ESI Hospital,PUDUCHERRY,600,Gorimedu puducherry,600506,P,NULL,23-08-2020 14:00
258,Mogan physiotherapy clinic,PUDUCHERRY,600,Lal Bahadur St near kamban kalai arangam Pondicherry,605001,P,NULL,23-08-2020 21:03
524,"Sub Center, Muthupillapalayam",PUDUCHERRY,600,No:103:Mettu Street Muthupillaipalayam,605502,G,NULL,26-09-2021 23:55
499,Pondicherry institute of medical science,PUDUCHERRY,600,"Kanagachetty kulam, pims hospital",605014,G,F,13-09-2021 12:56
371,"Primary Health Centre, Muthaliyarpet",PUDUCHERRY,600,Muthaliyarpet puducherry,600504,G,NULL,02-11-2020 23:09
179,"Urban Community Health Centre, Mahe",PUDUCHERRY,599,Community health sub centre new mahe( po) new mahe,673311,G,NULL,12-08-2020 12:27
424,Santokh  hospital,CHANDIGARH,44,new delhi,110001,P,F,01-07-2021 18:44
167,Lall Clinic & Lab,CHANDIGARH,44,XYZ,160047,P,F,11-08-2020 00:00
679,CH SUSNER,MADHYA PRADESH,667,CH SUSNER,465550,G,F,11-01-2022 15:45
259,Meera Rame Medico,PUDUCHERRY,599,B/4 siva complex villianur,605110,P,F,23-08-2020 23:27
290,Hari Medicose,PUDUCHERRY,599,Main road,609609,P,F,02-09-2020 18:43
297,Srishti Hospital,PUDUCHERRY,599,Moolakulam road,605110,P,F,07-09-2020 19:13
329,Arthur Eye Clinic,PUDUCHERRY,599,39 nadesan nagar puducherry,605005,P,CL,26-09-2020 23:45
332,Ag padmavathi hospital updating name,PUDUCHERRY,599,Villiyanur main road,605010,P,F,29-09-2020 14:45
223,DR Sini P clinic updated twice,PUDUCHERRY,599,Opposite HDFC and Bank of india,673310,P,F,17-08-2020 13:44
317,"Sub Centre, Kottuchery",PUDUCHERRY,598,Near renugadevi amman kovil,609609,G,NULL,24-09-2020 16:11
412,City Hospital,CHANDIGARH,44,SCO 10-11 sector 8C Chandigarh,160009,P,NULL,23-03-2021 16:39
782,test facility xyz,PUDUCHERRY,598,11,123456,G,NULL,22-02-2022 17:02
185,"Sub Centre, Nallavadu",PUDUCHERRY,600,Nallavadu,605007,G,NULL,12-08-2020 19:12
192,Sugampriya hospital,PUDUCHERRY,598,kamarajar salai,609602,P,NULL,13-08-2020 19:43
193,Banu Medical,PUDUCHERRY,600,Embalam dandy,605110,P,NULL,13-08-2020 23:28
344,Rani Hospital,PUDUCHERRY,600,"Vazhudhavur road,Pondicherry _9",605009,P,NULL,03-10-2020 12:04
149,Nimbus  Eye Centre & Path Lab,CHANDIGARH,44,Sector 44 c chandigarh,160047,P,NULL,10-08-2020 00:00
168,CIVIL DISPENSAEY DHANAS,CHANDIGARH,44,Dhanas chd,160014,G,NULL,11-08-2020 00:00
393,"Sub Center, Melakasakudi",PUDUCHERRY,598,main road melakasagudi,609603,G,NULL,23-12-2020 21:14
156,"Sub Centre, Stewartgunj",ANDAMAN AND NICOBAR ISLANDS,602,"Tsunami Pahad,stewardgunj",744206,G,NULL,11-08-2020 00:00
516,Manakula Vinayagar Hospital,PUDUCHERRY,600,Kalithitharlkuppam Main Road,605502,P,NULL,25-09-2021 20:00
318,Government hospital,PUDUCHERRY,598,Amma koil pathu,606605,G,NULL,24-09-2020 17:06
154,"Sub Centre, Milangram",ANDAMAN AND NICOBAR ISLANDS,632,"Near Government Middle School, Milangram, North Andaman, Andaman & Nicobar Islands",744202,G,NULL,11-08-2020 00:00
300,ESI Hospital,PUDUCHERRY,600,Gorimedu puducherry,600506,P,NULL,08-09-2020 16:11
177,"Primary Health Center, Pandakkal",PUDUCHERRY,599,PHC pandakkal,673310,G,F,12-08-2020 12:08
310,New Goldan Medical Test Approved,PUDUCHERRY,599,manikundu Nervi,609604,P,F,22-09-2020 21:59
173,Medico Lab & ECG,PUDUCHERRY,599,"Near General Hospital,mahe",673310,P,F,12-08-2020 10:17
311,Sundari Medical,PUDUCHERRY,600,"Abishekapakkam Main Road, Tavalakuppam",605007,P,F,23-09-2020 10:24
274,E.S.I HOSPITAL,PUDUCHERRY,600,Viliyanur,605110,G,F,25-08-2020 15:02
394,"Primary Health Centre, Varichikudy",PUDUCHERRY,598,karaikal main road,609609,G,NULL,07-01-2021 10:12
211,Dr. N. Subramaniyam Clinic,PUDUCHERRY,600,Murungapakam,605004,P,NULL,16-08-2020 13:47
217,Kidney Center Hospital,PUDUCHERRY,600,"No. 206 anna salai, old bus stand,",605001,P,NULL,17-08-2020 12:10
219,Sri Aravin Medical,PUDUCHERRY,600,"No 254,villianur rocd dandy",605110,P,NULL,17-08-2020 12:30
220,"Sub Centre, Manalipet",PUDUCHERRY,600,Murugan koil at manalipeet,605501,G,NULL,17-08-2020 12:34
370,"Primary Health Centre, Muthaliyarpet",PUDUCHERRY,600,Muthaliyarpet puducherry,600504,G,NULL,02-11-2020 23:07
733,Chc Barara,PUDUCHERRY,600,Chc Barara,134007,G,F,31-01-2022 17:40
447,Sri matharu hospital,PUDUCHERRY,599,Rakshapuram,500005,P,F,02-08-2021 12:18
301,Amplifon Hearing Specialist,CHANDIGARH,44,S. C. F 4 sector 16D Chandigarh,160015,P,F,08-09-2020 16:28
427,BE Well hospital,PUDUCHERRY,600,Ecr road puducherry,605008,P,F,05-07-2021 13:54
340,"Urban Family Welfare Centre, Pillaiyarkuppam",PUDUCHERRY,600,School street pillaiyarkuppam,607402,G,TC,30-09-2020 13:02
360,Dr kumarans hospital updating,PUDUCHERRY,599,Sithananda nagar ellaipillaichavady Pondicherry,232596,P,F,20-10-2020 15:34
312,Madhav Hospital,PUDUCHERRY,600,Karamanikuppam road mudaliarpet Pondicherry,605008,P,F,23-09-2020 20:10
346,Rams Dental Hospital,PUDUCHERRY,599,No:246 cuddalore road mudalairpet pondicheery,605004,P,F,06-10-2020 13:52
415,Atupadai Veedu Medical College,PUDUCHERRY,600,"Pondy Main Road, kirumampakkam",605402,P,F,24-03-2021 15:57
165,Grewal Eye Institute,CHANDIGARH,44,Sector 9C Chandigarh,160009,P,F,11-08-2020 00:00
784,vbn,CHHATTISGARH,646,gdfdh,345345,G,,23-02-2022 10:25
357,Kidney Center Hospital,PUDUCHERRY,600,"No. 206 anna salai, old bus stand,",605001,P,NULL,10-10-2020 12:41
250,LaDent Dental Clinic,PUDUCHERRY,599,"Maidana Road, opposite azadi hotel , mahe 1st floor. Door number 4",673310,P,,23-08-2020 00:28
358,East coast hospital,PUDUCHERRY,600,Lal Bahadur St near rosema marriage hall Pondicherry,605001,P,NULL,10-10-2020 13:19
785,vbn,CHHATTISGARH,646,gdfdh,345345,G,,23-02-2022 10:41
267,"Sub Centre, Poovam",PUDUCHERRY,598,yadhaver street poovam,609609,G,NULL,25-08-2020 10:45
194,Banu Medical,PUDUCHERRY,600,Embalam dandy,605110,P,,14-08-2020 00:54
153,"Sub Center, Stewart Gunj",ANDAMAN AND NICOBAR ISLANDS,602,Stewart Gunj,744206,G,F,11-08-2020 00:00
515,Manakula Vinayagar Hospital,PUDUCHERRY,600,Kalithitharlkuppam Main Road,605502,P,F,24-09-2021 12:36
152,"Sub Centre, Laxmipur",ANDAMAN AND NICOBAR ISLANDS,632,"Laxmipur, Diglipur, North Andaman, Andaman & Nicobar Islands",744202,G,F,11-08-2020 00:00
249,Crystal Dental Center,PUDUCHERRY,599,"Ceecee Complex.  Opposite mahe Service cooperative bank.  Main road,  Mahe",673310,P,CL,22-08-2020 18:29
517,Gopi Hospital,PUDUCHERRY,600,Char Rasta,394540,P,F,25-09-2021 23:03
336,"Sub Centre, Pinnachikuppam",PUDUCHERRY,600,Ellaiamman local street pinnachikuppam,605402,G,F,29-09-2020 22:15
199,Uttarakhand Medicose,CHANDIGARH,44,"DHANAS, Chandigarh",160002,P,F,14-08-2020 15:02
398,"Sub Centre, Manampettai",PUDUCHERRY,598,North street  . kaliyammankovil near manampettai,609603,G,F,07-01-2021 11:01
240,"Sub Center, Kuruvinatham",PUDUCHERRY,600,Kuruvinatham pandy,607402,G,F,19-08-2020 14:00
298,Mogan physiotherapy clinic,PUDUCHERRY,599,Lal Bahadur St near kamban kalai arangam Pondicherry,605001,P,UC,07-09-2020 19:22
196,Sri Sowkhya Medical & General Stores,PUDUCHERRY,601,Golaga Bathula Street,533464,P,,14-08-2020 14:22
497,Rainbow Hospital,HIMACHAL PRADESH,15,"Near Shiv Mandir,Ghumarwin, district-Bilaspur, Tehsil-Ghumarwin",174021,P,F,10-09-2021 17:04
338,"Health Sub Centre, Koravallimedu",PUDUCHERRY,600,Nadu street koravallimedu,605402,G,NULL,29-09-2020 22:23
359,"Sub Center, Pillauaar kovil",PUDUCHERRY,598,Pillauaar kovil street near aganvadi,609604,G,NULL,16-10-2020 17:15
454,City hospital,NULL,,71 c.o.d colony shahganj agra,282010,P,,12-08-2021 10:50
253,"Primary Health Centre, Kosayapalyam",PUDUCHERRY,600,23 sundra moorthy street Kosapalayam puducherry,605103,G,F,23-08-2020 13:54
455,Sree srinivasa gastro&liver hospital,NULL,NULL,Ashok nagar,515001,P,NULL,12-08-2021 11:07
243,"Sub Centre, Cherukallayi",PUDUCHERRY,599,Near builders palace,673310,G,NULL,19-08-2020 17:23
433,Aravind eye hospital city centre,PUDUCHERRY,600,144 bussy street puducherry,605001,P,F,11-07-2021 20:43
339,"PHC, Vizhidhiyur",PUDUCHERRY,598,mainroad,609604,G,NULL,30-09-2020 11:27
376,Sendhil speciality hospital,PUDUCHERRY,600,"No. 10 Thillai maistry street, puducherry",605001,P,NULL,18-11-2020 21:08
302,Homocare,PUDUCHERRY,599,Perumal kovil street,605001,P,F,09-09-2020 17:25
363,Aravind eye care hospital,PUDUCHERRY,600,140 bussy st puducherry,605001,P,NULL,22-10-2020 10:35
519,St.Rocks clulny hospital,PUDUCHERRY,598,Puthuthurai  karaikal,609602,P,NULL,26-09-2021 01:46
186,"Urban Primary Health Centre, Mahe",PUDUCHERRY,599,"Panthakkal PHC, Panthakkal (po)panthakkal",633310,G,F,12-08-2020 19:18
520,Sri Ayyanar medical,PUDUCHERRY,600,No. 57 pallivasal street. Oruleanpet,605005,P,F,26-09-2021 17:12
212,Kannan Medical Store,PUDUCHERRY,599,"fghh45567()./,_-",566565,P,F,16-08-2020 15:44
188,Sub center TN Palayam,PUDUCHERRY,599,Opposition PHC pandakkal,673310,P,F,13-08-2020 10:36
493,Sendhil speciality hospital,PUDUCHERRY,600,"No. 10 Thillai maistry street, puducherry",605001,P,NULL,10-09-2021 16:13
605,hos,PUDUCHERRY,600,delhi,122001,G,NULL,30-11-2021 18:10
648,Bbmb Hospital Sundernagar,HIMACHAL PRADESH,22,NULL,NULL,G,NULL,21-12-2021 15:51
748,,NULL,,,,G,,08-02-2022 16:42
457,Urban primary welfare center,PUDUCHERRY,598,Nehru nagar karaikal,609605,G,F,12-08-2021 11:35
509,Indira gandhi gov hospital,PUDUCHERRY,600,Pondicherry govt hospiatal beach road,605001,G,,17-09-2021 15:17
713,NULL,NULL,NULL,NULL,NULL,P,NULL,19-01-2022 11:50
303,Certh india hospital,PUDUCHERRY,600,"Vambakeerapalayam, puducherry",605004,P,F,10-09-2020 21:32
214,"Sub Centre, East Pallur",PUDUCHERRY,599,Near kuthoobi Mosque,673310,G,TC,16-08-2020 16:57
209,"Primary Health Centre, Murungapakam",PUDUCHERRY,600,Murungapakam road,605110,G,F,14-08-2020 19:54
251,"Urban Primary Health Centre, Villiyanur",PUDUCHERRY,599,Villiyanur,605110,G,F,23-08-2020 13:44
282,Sri Sai Krupa Hospital,PUDUCHERRY,600,"Cuddalore main road, ambethkar nagar. Daily thanthi. Puducherry",605001,P,F,27-08-2020 16:41
182,"Community Health Center Palloor, Mahe",PUDUCHERRY,599,Palloor community health centre,673310,G,F,12-08-2020 13:42
342,Green Dental Care,PUDUCHERRY,599,"Villiyanur main road, ozhukarai",605010,P,CL,30-09-2020 13:55
476,Aarupadai veedu hospital,PUDUCHERRY,600,Kirumabakkam puducherry,607403,P,F,01-09-2021 12:40
521,Manakula vinayagar hospital,PUDUCHERRY,600,Kalitheerthaalkuppam puducherry,605107,P,F,26-09-2021 21:04
440,RD Hospital,PUDUCHERRY,600,123,700001,P,F,27-07-2021 12:58
541,Apollo hospital Test,PUDUCHERRY,600,Ellaipillaichavady,605005,P,F,18-10-2021 11:05
231,faccc  name,PUDUCHERRY,599,,,NULL,F,18-08-2020 17:24
158,test1,ANDAMAN AND NICOBAR ISLANDS,632,New test,110001,P,F,11-08-2020 00:00
463,test 2,DELHI,79,test,208013,P,F,19-08-2021 17:52
464,MANU,PUDUCHERRY,598,VFFDVDF,123456,P,,23-08-2021 13:37
197,facility testing name 101,PUDUCHERRY,600,"address line 1, dayalbagh",282005,NULL,F,14-08-2020 14:36
227,Hosp,PUDUCHERRY,599,line1,500008,NULL,TC,18-08-2020 13:55
428,,NULL,,,,P,,06-07-2021 11:26
503,NULL,NULL,NULL,NULL,NULL,P,NULL,14-09-2021 17:06
484,TEST HOSPITAL 7,PUDUCHERRY,600,11,120000,P,F,08-09-2021 15:18
714,Kidney Centre Hospital,PUDUCHERRY,600,"No.206, Anna Salai, Near Old Bus Stand, Opp To Botanical Garden Aquarium, Next To Sbi Rasmece",650001,P,F,20-01-2022 17:14
382,Grewal Eye Centre,CHANDIGARH,44,1st SCO,380050,P,F,26-11-2020 11:50
372,Manika Test Facility 12345678,PUDUCHERRY,599,addres line 1,282001,P,F,12-11-2020 14:12
233,Hosp,PUDUCHERRY,599,Test,500008,PP,F,18-08-2020 18:28
257,Divya four,PUDUCHERRY,599,test,500000,P,F,23-08-2020 20:51
268,Divya seven ,PUDUCHERRY,599,test,500000,P,F,25-08-2020 11:09
390,DT PATH LAB PVT LTD,CHANDIGARH,44,"SCF-2 BASEMENT, SHIVALIK CITY SECTOR 127, MOHALI",140301,P,F,18-12-2020 16:51
514,Test Hospital YK 4,PUDUCHERRY,600,123,700001,P,F,23-09-2021 13:07
787,vbn,CHHATTISGARH,646,gdfdh,345345,G,,23-02-2022 14:23
355,NULL,NULL,NULL,NULL,NULL,NULL,NULL,09-10-2020 22:43
321,total flow,PUDUCHERRY,599,test,500000,P,F,25-09-2020 20:38
137,Facility Name,PUDUCHERRY,600,add line1,282005,NULL,F,09-08-2020 00:00
669,DEGANA RAILWAY HEALTH UNIT,RAJASTHAN,110,"Near Railway Station, Degana",341503,G,F,25:30.9
468,TEST HOSPITAL 4,CHANDIGARH,44,XYZ ,140000,P,UC,27-08-2021 11:19
583,Jawaharlal Institute Rural Health Centre,PUDUCHERRY,600,"Jawaharlal Institute Rural Health Center, Ramanathapuram , puducherry",605502,G,NULL,25-11-2021 16:35
526,test hospital 14,PUDUCHERRY,600,12,132134,P,F,30-09-2021 11:53
690,"Sub Centre, Chhachhua",BIHAR,206,"Chhachhua, Bisfi, Madhubani",847122,G,NULL,12-01-2022 19:40
117,Nimbus  Eye Centre & Path Lab,CHANDIGARH,44,Sector 44 c chandigarh,160047,P,F,09-08-2020 00:00
125,sdfsf,CHANDIGARH,44,5dffghg,455676,P,F,09-08-2020 00:00
172,facility Test 234,PUDUCHERRY,599,address test 123,282001,P,F,12-08-2020 10:10
507,ADS,PUDUCHERRY,600,PUDUCHERRY,605001,P,F,16-09-2021 15:23
518,test hospital 11,PUDUCHERRY,600,11,201301,P,F,25-09-2021 23:19
141,"Sub Centre, Manampettai",PUDUCHERRY,598,North street  . kaliyammankovil near manampettai,609603,G,F,09-08-2020 00:00
324,email sms,PUDUCHERRY,599,test,500000,P,F,26-09-2020 01:04
486,Vinayaka missions medical college and hospital,PUDUCHERRY,598,Kottucherry road karaikal,609609,P,F,08-09-2021 17:46
453,Aims hospital udpdated 1,PUDUCHERRY,600,new delhi,122001,P,F,05-08-2021 13:04
798,test facility akhilesh,PUDUCHERRY,600,main road,258785,P,TC,01-04-2022 13:06
783,Genaral hospital karaikal,PUDUCHERRY,598,"kamarajar salai, karaikal",609602,G,F,22-02-2022 17:08
738,hosp name,CHHATTISGARH,646,vnbnm,435678,G,F,02-02-2022 14:03
780,test facility manika govt feb part two,PUDUCHERRY,598,main road,854875,G,F,22-02-2022 14:39
791,test facility manika 4 april,PUDUCHERRY,600,main road,285458,P,F,04-03-2022 19:07
800,,NULL,,,,P,,02-04-2022 18:21
799,,NULL,,,,P,,02-04-2022 17:53
797,Sanjana Hospital,ANDHRA PRADESH,503,Air By pass Road Thirupathi,517101,P,NULL,29-03-2022 12:43
742,Mundhi Hospital,PUDUCHERRY,600,Mundh Hospital Amritsar,143001,G,F,07-02-2022 14:58
802,dummy facility ABC,DELHI,79,1234,322222,G,F,04-04-2022 15:04
315,test new Gov facility ,PUDUCHERRY,598,Subhash nagarfy,282005,G,F,24-09-2020 14:48
667,jipmer,PUDUCHERRY,600,ege,232323,G,TC,29-12-2021 14:44
790,test hospital manika 4 feb,PUDUCHERRY,600,address line 1,285455,P,F,04-03-2022 14:35
794,Puducherry hospital,PUDUCHERRY,600,abc,110059,P,F,22-03-2022 11:11
670,Testing SP EAST RAILWAY HEALTH UNIT,TELANGANA,501,Clw Chittaranjan,713331,G,F,25:31.2
650,Mormugao Port Trust Hospital,GOA,552,78,203456,P,F,21-12-2021 17:42
792,Gangaram hospital,DELHI,77,PGIMER SEC 12,160012,G,F,10-03-2022 12:15
781,test facility xyz,LADAKH,9,11,123456,G,F,22-02-2022 17:01
437,abc,ANDAMAN AND NICOBAR ISLANDS,603,new delhi,110001,P,TC,13-07-2021 13:23
417,hospital,PUDUCHERRY,600,house no 123,122001,P,F,08-04-2021 14:07
523,Sathya Dental Hospital,PUDUCHERRY,600,"Veerampattinam Road , Ariyankuppam",605007,PP,F,26-09-2021 23:41
441,YR Hospital,PUDUCHERRY,600,123,700001,G,F,28-07-2021 13:24
479,Test Hospital 2,PUDUCHERRY,600,123,700001,P,F,01-09-2021 14:36
367,test,CHANDIGARH,44,test,160010,PP,TC,26-10-2020 17:55
672,Arulananthan,PUDUCHERRY,600,No:91-b MG road Puducherry,605001,G,F,05-01-2022 12:53
400,"Health Sub Centre, Koravallimedu",PUDUCHERRY,600,Nadu street koravallimedu,605402,G,F,18-01-2021 16:43
381,Grover Eye Laser Center,CHANDIGARH,44,SCO 145-146 sector 9C,160009,P,F,26-11-2020 10:20
306,Manakular Vinayagar medical College and hospital city centre,PUDUCHERRY,599,Villiyanur main road Pondicherry,605010,P,F,11-09-2020 15:27
767,Test Facility,ANDAMAN AND NICOBAR ISLANDS,603,11,201301,P,F,15-02-2022 10:24
349,registration process twoh2,PUDUCHERRY,599,"test, Fghfhfgfh3",500000,PP,F,06-10-2020 20:02
532,AW act as sub centre _thondamanatham,PUDUCHERRY,600,Nadu street thondamanatham,605002,G,F,06-10-2021 10:35
752,Child & general hospital,PUDUCHERRY,600,"N:174, Lenin street kosapalayam Pondicherry",605013,P,F,11-02-2022 10:46
284,facility new 121,PUDUCHERRY,599,line1,285654,G,CL,31-08-2020 14:10
331,Test,PUDUCHERRY,598,123,111111,G,F,28-09-2020 16:29
319,Divya new government facility two,PUDUCHERRY,599,test,500000,G,TC,24-09-2020 21:06
451,test today,PUDUCHERRY,600,new delhi,110092,P,F,05-08-2021 11:23
307,Dr. D. Padhmavadhi Clinic,PUDUCHERRY,600,104.mg road muithialpet,605003,P,F,11-09-2020 16:49
388,Sangam Hospital,CHANDIGARH,44,Plot 619 Sector 19 B Near Tagore Theatre Chandigarh,160019,P,F,17-12-2020 15:30
379,VBV Clinic,CHANDIGARH,44,"Vaibhav Building, No. 235",160022,P,F,20-11-2020 11:03
383,East coast hospital updated name,PUDUCHERRY,600,Lal Bahadur St near rosema marriage hall Pondicherry,605001,P,F,26-11-2020 12:40
580,RXD Clinic,HARYANA,62,2167,122001,P,F,25-11-2021 08:21
246,Divya hosp one,PUDUCHERRY,599,test,500000,P,F,19-08-2020 19:07
386,Sri vengadeshwara hospital,PUDUCHERRY,599,Villianur road,605110,P,F,01-12-2020 19:08
746,Sri sai,CHHATTISGARH,646,"MIG7, near sri sai building,",500085,G,F,08-02-2022 16:25
181,K. S. Multi Speciality Hospital,PUDUCHERRY,598,"No.15, South Street, kovilpathu, karaikal",609602,P,F,12-08-2020 13:27
215,Dr Srikumars Clinic Updated Twice,PUDUCHERRY,599,Opposite General Hospital Mahe,673310,P,TC,16-08-2020 22:37
305,Aum hospital,PUDUCHERRY,599,line 1,282001,P,F,11-09-2020 15:00
375,St josephs hospital updated,PUDUCHERRY,600,Bis romain rolland st puducherry adding,605001,P,F,18-11-2020 20:44
396,"Primary Health Centre, Kottucherry",PUDUCHERRY,599,Karaikal main road kottucherry,609609,G,F,07-01-2021 10:36
252,"Goverment General Hospital, Mahe",PUDUCHERRY,599,"Govt.general hospital, po mahe",673310,G,F,23-08-2020 13:51
438,Dr. Parikh,UTTAR PRADESH,118,Chitra Takis Agra,282002,P,F,13-07-2021 16:19
157,Suwatha Hospital,PUDUCHERRY,600,"West street, Bahore",605402,P,F,11-08-2020 00:00
328,SSV Dental Clinic ,PUDUCHERRY,599,"No. 74.Bhraminal street.,cemend road, mudaliyarbet chcek1",605005,P,TC,26-09-2020 22:58
450,max hospital,PUDUCHERRY,599,888,122001,P,F,05-08-2021 11:21
465,23 august test,PUDUCHERRY,600,888,122001,P,F,23-08-2021 15:39
422,medanta hospital,PUDUCHERRY,600,puducherry,122001,P,F,28-06-2021 15:08
